{
    "0": {
        "avg_time": 1.0815676789283752,
        "tflops": 1016.5906851667422
    },
    "2": {
        "avg_time": 1.0150076401233674,
        "tflops": 1083.2545335741136
    },
    "4": {
        "avg_time": 0.991581489443779,
        "tflops": 1108.8464634336444
    },
    "8": {
        "avg_time": 0.987100619673729,
        "tflops": 1113.8799893970554
    },
    "32": {
        "avg_time": 1.2563795754909515,
        "tflops": 875.1428702160708
    }
}